news_id,stock_symbol_id,exchange,entity_type,entity_name,stock_symbol,company_name
30098,606,Bursa,COMPANY_NAME,LBS BINA GROUP,LBS,LBS BINA GROUP BHD
30105,4,Bursa,COMPANY_NAME,99 SPEED MART RETAIL HOLDINGS,99SMART,99 SPEED MART RETAIL HOLDINGS BERHAD
30114,812,Bursa,COMPANY_NAME,PARAMOUNT,PARAMON,PARAMOUNT CORPORATION BHD
30157,508,Bursa,COMPANY_NAME,IOI PROPERTIES GROUP,IOIPG,IOI PROPERTIES GROUP BERHAD
30172,1043,Bursa,COMPANY_NAME,SUPERMAX,SUPERMX,SUPERMAX CORPORATION BHD
29809,812,Bursa,COMPANY_NAME,PARAMOUNT,PARAMON,PARAMOUNT CORPORATION BHD
29814,913,Bursa,COMPANY_NAME,RHB BANK,RHBBANK,RHB BANK BERHAD
29820,960,Bursa,COMPANY_NAME,SOLAR DISTRICT COOLING GROUP,SDCG,SOLAR DISTRICT COOLING GROUP BERHAD
30037,389,Bursa,COMPANY_NAME,GENTING,GENTING,GENTING BHD
30052,,,COMPANY_NAME,KIP REAL ESTATE INVESTMENT TRUST,,
30062,639,Bursa,COMPANY_NAME,MAH SING GROUP,MAHSING,MAH SING GROUP BHD
30075,812,Bursa,COMPANY_NAME,PARAMOUNT,PARAMON,PARAMOUNT CORPORATION BHD
30112,657,Bursa,COMPANY_NAME,MBM RESOURCES,MBMR,MBM RESOURCES BHD
30140,679,Bursa,COMPANY_NAME,MALAYAN FLOUR MILLS,MFLOUR,MALAYAN FLOUR MILLS BHD
30033,1115,Bursa,COMPANY_NAME,TROPICANA,TROP,TROPICANA CORPORATION BERHAD
30036,872,Bursa,COMPANY_NAME,PPB GROUP,PPB,PPB GROUP BHD
30042,930,Bursa,COMPANY_NAME,SAMAIDEN GROUP,SAMAIDEN,SAMAIDEN GROUP BERHAD
29819,649,Bursa,COMPANY_NAME,MATRIX CONCEPTS HOLDINGS,MATRIX,MATRIX CONCEPTS HOLDINGS BHD
29823,812,Bursa,COMPANY_NAME,PARAMOUNT,PARAMON,PARAMOUNT CORPORATION BHD
30027,1017,Bursa,COMPANY_NAME,SPRITZER,SPRITZER,SPRITZER BHD
30028,261,Bursa,COMPANY_NAME,DAGANG NEXCHANGE,DNEX,DAGANG NEXCHANGE BERHAD
30038,1152,Bursa,COMPANY_NAME,VELESTO ENERGY,VELESTO,VELESTO ENERGY BERHAD
30044,444,Bursa,COMPANY_NAME,HONG LEONG BANK,HLBANK,HONG LEONG BANK BHD
30064,387,Bursa,COMPANY_NAME,GENTING MALAYSIA,GENM,GENTING MALAYSIA BERHAD
30070,1082,Bursa,COMPANY_NAME,TENAGA NASIONAL,TENAGA,TENAGA NASIONAL BHD
30076,865,Bursa,COMPANY_NAME,PRESS METAL ALUMINIUM HOLDINGS,PMETAL,PRESS METAL ALUMINIUM HOLDINGS BERHAD
30117,547,Bursa,COMPANY_NAME,KENANGA INVESTMENT BANK,KENANGA,KENANGA INVESTMENT BANK BERHAD
30118,547,Bursa,COMPANY_NAME,KENANGA INVESTMENT BANK,KENANGA,KENANGA INVESTMENT BANK BERHAD
30128,812,Bursa,COMPANY_NAME,PARAMOUNT,PARAMON,PARAMOUNT CORPORATION BHD
30138,679,Bursa,COMPANY_NAME,MALAYAN FLOUR MILLS,MFLOUR,MALAYAN FLOUR MILLS BHD
30139,10,Bursa,COMPANY_NAME,ALLIANCE BANK MALAYSIA,ABMB,ALLIANCE BANK MALAYSIA BERHAD
30143,586,Bursa,COMPANY_NAME,KRETAM HOLDINGS,KRETAM,KRETAM HOLDINGS BHD
30143,352,Bursa,COMPANY_NAME,FARM FRESH,FFB,FARM FRESH BERHAD
30149,10,Bursa,COMPANY_NAME,ALLIANCE BANK MALAYSIA,ABMB,ALLIANCE BANK MALAYSIA BERHAD
30151,444,Bursa,COMPANY_NAME,HONG LEONG BANK,HLBANK,HONG LEONG BANK BHD
30164,665,Bursa,COMPANY_NAME,MEDIA PRIMA,MEDIA,MEDIA PRIMA BHD
30176,33,Bursa,COMPANY_NAME,MALAYSIA AIRPORTS HOLDINGS,AIRPORT,MALAYSIA AIRPORTS HOLDINGS BHD
30187,105,Bursa,COMPANY_NAME,AXIATA GROUP,AXIATA,AXIATA GROUP BERHAD
30032,,,STOCK_SYMBOL,REIT,,
30035,252,Bursa,COMPANY_NAME,DIVFEX,DFX,DIVFEX BERHAD
30040,420,Bursa,COMPANY_NAME,HARTALEGA HOLDINGS,HARTA,HARTALEGA HOLDINGS BHD
30046,168,Bursa,COMPANY_NAME,CAPITAL A,CAPITALA,CAPITAL A BERHAD
30053,138,Bursa,COMPANY_NAME,BERJAYA,BJLAND,BERJAYA LAND BHD
30059,295,Bursa,COMPANY_NAME,UEM EDGENTA,EDGENTA,UEM EDGENTA BERHAD
30073,490,Bursa,COMPANY_NAME,IHH HEALTHCARE,IHH,IHH HEALTHCARE BERHAD
30081,,,STOCK_SYMBOL,MAG,,
30061,142,Bursa,COMPANY_NAME,BINASTRA,BNASTRA,BINASTRA CORPORATION BERHAD
30080,,,STOCK_SYMBOL,MAG,,
30085,142,Bursa,COMPANY_NAME,BINASTRA,BNASTRA,BINASTRA CORPORATION BERHAD
30087,812,Bursa,COMPANY_NAME,PARAMOUNT,PARAMON,PARAMOUNT CORPORATION BHD
30089,,,STOCK_SYMBOL,REIT,,
30094,444,Bursa,COMPANY_NAME,HONG LEONG BANK,HLBANK,HONG LEONG BANK BHD
30097,4,Bursa,COMPANY_NAME,99 SPEED MART RETAIL HOLDINGS,99SMART,99 SPEED MART RETAIL HOLDINGS BERHAD
30090,,,STOCK_SYMBOL,MAG,,
30130,105,Bursa,COMPANY_NAME,AXIATA GROUP,AXIATA,AXIATA GROUP BERHAD
30136,660,Bursa,COMPANY_NAME,MBSB,MBSB,MBSB BERHAD
30141,660,Bursa,COMPANY_NAME,MBSB,MBSB,MBSB BERHAD
30141,127,Bursa,COMPANY_NAME,BANK ISLAM MALAYSIA,BIMB,BANK ISLAM MALAYSIA BERHAD
30153,653,Bursa,COMPANY_NAME,MALAYAN BANKING,MAYBANK,MALAYAN BANKING BHD
30163,640,Bursa,COMPANY_NAME,MALAKOFF,MALAKOF,MALAKOFF CORPORATION BERHAD
30168,,Bursa,COMPANY_NAME,IJM,,
30171,119,Bursa,COMPANY_NAME,BINA DARULAMAN,BDB,BINA DARULAMAN BHD
30186,1082,Bursa,COMPANY_NAME,TENAGA NASIONAL,TENAGA,TENAGA NASIONAL BHD
